what,kind,bundleId,bundleVersion,description,time
executed,command,org.eclipse.ui,3.6.0.I20100603-1100,"org.eclipse.ui.edit.copy",1301608741947
executed,command,org.eclipse.jdt.ui,3.6.0.v20100602-1600,"org.eclipse.jdt.ui.edit.text.java.toggle.comment",1301608742377
executed,command,org.eclipse.ui,3.6.0.I20100603-1100,"org.eclipse.ui.edit.paste",1301608758304
executed,command,org.eclipse.ui,3.6.0.I20100603-1100,"org.eclipse.ui.edit.copy",1301608770905
executed,command,org.eclipse.ui,3.6.0.I20100603-1100,"org.eclipse.ui.edit.paste",1301608772939
executed,command,org.eclipse.ui,3.6.0.I20100603-1100,"org.eclipse.ui.file.save",1301608776239
activated,view,org.eclipse.ui.console,3.5.0.v20100526,"org.eclipse.ui.console.ConsoleView",1301608778472
activated,editor,org.eclipse.jdt.ui,3.6.0.v20100602-1600,"org.eclipse.jdt.ui.CompilationUnitEditor",1301608797000
deactivated,workbench,org.eclipse.ui.workbench,3.6.0.I20100603-1100,"",1301608799020
activated,workbench,org.eclipse.ui.workbench,3.6.0.I20100603-1100,"",1301608820043
deactivated,workbench,org.eclipse.ui.workbench,3.6.0.I20100603-1100,"",1301608852796
activated,workbench,org.eclipse.ui.workbench,3.6.0.I20100603-1100,"",1301608868133
executed,command,org.eclipse.ui,3.6.0.I20100603-1100,"org.eclipse.ui.file.save",1301608872025
activated,view,org.eclipse.ui.console,3.5.0.v20100526,"org.eclipse.ui.console.ConsoleView",1301608874063
activated,editor,org.eclipse.jdt.ui,3.6.0.v20100602-1600,"org.eclipse.jdt.ui.CompilationUnitEditor",1301608900019
executed,command,org.eclipse.ui,3.6.0.I20100603-1100,"org.eclipse.ui.file.save",1301608907094
activated,view,org.eclipse.ui.console,3.5.0.v20100526,"org.eclipse.ui.console.ConsoleView",1301608909388
activated,editor,org.eclipse.jdt.ui,3.6.0.v20100602-1600,"org.eclipse.jdt.ui.CompilationUnitEditor",1301608953193
executed,command,org.eclipse.ui,3.6.0.I20100603-1100,"org.eclipse.ui.file.save",1301608982248
executed,command,org.eclipse.jdt.ui,3.6.0.v20100602-1600,"org.eclipse.jdt.ui.edit.text.java.toggle.comment",1301608992335
executed,command,org.eclipse.ui,3.6.0.I20100603-1100,"org.eclipse.ui.file.save",1301609045459
executed,command,org.eclipse.ui,3.6.0.I20100603-1100,"org.eclipse.ui.edit.undo",1301609122644
executed,command,org.eclipse.ui,3.6.0.I20100603-1100,"org.eclipse.ui.file.save",1301609151595
executed,command,org.eclipse.ui,3.6.0.I20100603-1100,"org.eclipse.ui.edit.copy",1301609175730
executed,command,org.eclipse.ui,3.6.0.I20100603-1100,"org.eclipse.ui.edit.paste",1301609177241
executed,command,org.eclipse.ui.workbench.texteditor,3.6.0.v20100520-0800,"org.eclipse.ui.edit.text.goto.lineStart",1301609182623
executed,command,org.eclipse.ui,3.6.0.I20100603-1100,"org.eclipse.ui.file.save",1301609376152
executed,command,org.eclipse.ui,3.6.0.I20100603-1100,"org.eclipse.ui.file.save",1301609385206
executed,command,org.eclipse.ui,3.6.0.I20100603-1100,"org.eclipse.ui.file.save",1301609403063
executed,command,org.eclipse.ui,3.6.0.I20100603-1100,"org.eclipse.ui.file.save",1301609577518
opened,editor,org.eclipse.jdt.ui,3.6.0.v20100602-1600,"org.eclipse.jdt.ui.CompilationUnitEditor",1301609580284
activated,editor,org.eclipse.jdt.ui,3.6.0.v20100602-1600,"org.eclipse.jdt.ui.CompilationUnitEditor",1301609580430
activated,editor,org.eclipse.jdt.ui,3.6.0.v20100602-1600,"org.eclipse.jdt.ui.CompilationUnitEditor",1301609583409
activated,editor,org.eclipse.jdt.ui,3.6.0.v20100602-1600,"org.eclipse.jdt.ui.CompilationUnitEditor",1301609587081
activated,view,org.eclipse.ui.console,3.5.0.v20100526,"org.eclipse.ui.console.ConsoleView",1301609588759
activated,editor,org.eclipse.jdt.ui,3.6.0.v20100602-1600,"org.eclipse.jdt.ui.CompilationUnitEditor",1301609598977
activated,editor,org.eclipse.jdt.ui,3.6.0.v20100602-1600,"org.eclipse.jdt.ui.CompilationUnitEditor",1301609600017
executed,command,org.eclipse.ui,3.6.0.I20100603-1100,"org.eclipse.ui.file.save",1301609606507
activated,view,org.eclipse.ui.console,3.5.0.v20100526,"org.eclipse.ui.console.ConsoleView",1301609611656
activated,editor,org.eclipse.jdt.ui,3.6.0.v20100602-1600,"org.eclipse.jdt.ui.CompilationUnitEditor",1301609624297
executed,command,org.eclipse.ui,3.6.0.I20100603-1100,"org.eclipse.ui.file.save",1301609634262
activated,view,org.eclipse.ui.console,3.5.0.v20100526,"org.eclipse.ui.console.ConsoleView",1301609636110
activated,editor,org.eclipse.jdt.ui,3.6.0.v20100602-1600,"org.eclipse.jdt.ui.CompilationUnitEditor",1301609652489
executed,command,org.eclipse.ui,3.6.0.I20100603-1100,"org.eclipse.ui.file.save",1301609654841
activated,view,org.eclipse.ui.console,3.5.0.v20100526,"org.eclipse.ui.console.ConsoleView",1301609656872
activated,editor,org.eclipse.jdt.ui,3.6.0.v20100602-1600,"org.eclipse.jdt.ui.CompilationUnitEditor",1301609673314
deactivated,workbench,org.eclipse.ui.workbench,3.6.0.I20100603-1100,"",1301609685167
activated,workbench,org.eclipse.ui.workbench,3.6.0.I20100603-1100,"",1301609686686
activated,view,org.eclipse.ui.console,3.5.0.v20100526,"org.eclipse.ui.console.ConsoleView",1301609695872
activated,editor,org.eclipse.jdt.ui,3.6.0.v20100602-1600,"org.eclipse.jdt.ui.CompilationUnitEditor",1301609699293
executed,command,org.eclipse.ui,3.6.0.I20100603-1100,"org.eclipse.ui.file.save",1301609707650
deactivated,workbench,org.eclipse.ui.workbench,3.6.0.I20100603-1100,"",1301609715437
activated,workbench,org.eclipse.ui.workbench,3.6.0.I20100603-1100,"",1301609725013
deactivated,workbench,org.eclipse.ui.workbench,3.6.0.I20100603-1100,"",1301609777069
activated,workbench,org.eclipse.ui.workbench,3.6.0.I20100603-1100,"",1301610340319
executed,command,org.eclipse.ui,3.6.0.I20100603-1100,"org.eclipse.ui.file.save",1301610639269
activated,view,org.eclipse.ui.console,3.5.0.v20100526,"org.eclipse.ui.console.ConsoleView",1301610641513
activated,editor,org.eclipse.jdt.ui,3.6.0.v20100602-1600,"org.eclipse.jdt.ui.CompilationUnitEditor",1301610657039
executed,command,org.eclipse.jdt.ui,3.6.0.v20100602-1600,"org.eclipse.jdt.ui.edit.text.java.toggle.comment",1301610673017
executed,command,org.eclipse.ui,3.6.0.I20100603-1100,"org.eclipse.ui.file.save",1301610676987
activated,view,org.eclipse.ui.console,3.5.0.v20100526,"org.eclipse.ui.console.ConsoleView",1301610679566
activated,editor,org.eclipse.jdt.ui,3.6.0.v20100602-1600,"org.eclipse.jdt.ui.CompilationUnitEditor",1301610689408
executed,command,org.eclipse.ui,3.6.0.I20100603-1100,"org.eclipse.ui.file.save",1301610693927
deactivated,workbench,org.eclipse.ui.workbench,3.6.0.I20100603-1100,"",1301610699497
activated,workbench,org.eclipse.ui.workbench,3.6.0.I20100603-1100,"",1301610737552
deactivated,workbench,org.eclipse.ui.workbench,3.6.0.I20100603-1100,"",1301610739365
activated,workbench,org.eclipse.ui.workbench,3.6.0.I20100603-1100,"",1301610758560
activated,view,org.eclipse.ui.console,3.5.0.v20100526,"org.eclipse.ui.console.ConsoleView",1301610758576
deactivated,workbench,org.eclipse.ui.workbench,3.6.0.I20100603-1100,"",1301610766686
activated,workbench,org.eclipse.ui.workbench,3.6.0.I20100603-1100,"",1301610776205
executed,command,org.eclipse.ui,3.6.0.I20100603-1100,"org.eclipse.ui.edit.paste",1301610776528
deactivated,workbench,org.eclipse.ui.workbench,3.6.0.I20100603-1100,"",1301610784004
activated,workbench,org.eclipse.ui.workbench,3.6.0.I20100603-1100,"",1301610789015
executed,command,org.eclipse.ui,3.6.0.I20100603-1100,"org.eclipse.ui.edit.paste",1301610789340
deactivated,workbench,org.eclipse.ui.workbench,3.6.0.I20100603-1100,"",1301610792486
activated,workbench,org.eclipse.ui.workbench,3.6.0.I20100603-1100,"",1301610798439
deactivated,workbench,org.eclipse.ui.workbench,3.6.0.I20100603-1100,"",1301610816336
activated,workbench,org.eclipse.ui.workbench,3.6.0.I20100603-1100,"",1301610822013
deactivated,workbench,org.eclipse.ui.workbench,3.6.0.I20100603-1100,"",1301610824038
activated,workbench,org.eclipse.ui.workbench,3.6.0.I20100603-1100,"",1301610825419
deactivated,workbench,org.eclipse.ui.workbench,3.6.0.I20100603-1100,"",1301610836966
activated,workbench,org.eclipse.ui.workbench,3.6.0.I20100603-1100,"",1301610841351
deactivated,workbench,org.eclipse.ui.workbench,3.6.0.I20100603-1100,"",1301610844166
activated,workbench,org.eclipse.ui.workbench,3.6.0.I20100603-1100,"",1301610845300
deactivated,workbench,org.eclipse.ui.workbench,3.6.0.I20100603-1100,"",1301610892397
activated,workbench,org.eclipse.ui.workbench,3.6.0.I20100603-1100,"",1301610895179
deactivated,workbench,org.eclipse.ui.workbench,3.6.0.I20100603-1100,"",1301610917293
activated,workbench,org.eclipse.ui.workbench,3.6.0.I20100603-1100,"",1301610970139
deactivated,workbench,org.eclipse.ui.workbench,3.6.0.I20100603-1100,"",1301610994379
activated,workbench,org.eclipse.ui.workbench,3.6.0.I20100603-1100,"",1301610996495
deactivated,workbench,org.eclipse.ui.workbench,3.6.0.I20100603-1100,"",1301611034001
activated,workbench,org.eclipse.ui.workbench,3.6.0.I20100603-1100,"",1301611039344
deactivated,workbench,org.eclipse.ui.workbench,3.6.0.I20100603-1100,"",1301611092506
activated,workbench,org.eclipse.ui.workbench,3.6.0.I20100603-1100,"",1301611120344
deactivated,workbench,org.eclipse.ui.workbench,3.6.0.I20100603-1100,"",1301611121208
activated,workbench,org.eclipse.ui.workbench,3.6.0.I20100603-1100,"",1301611122385
deactivated,workbench,org.eclipse.ui.workbench,3.6.0.I20100603-1100,"",1301611123768
activated,workbench,org.eclipse.ui.workbench,3.6.0.I20100603-1100,"",1301611124726
closed,workbench,org.eclipse.ui.workbench,3.6.0.I20100603-1100,"",1301611125148
stopped,bundle,org.eclipse.mylyn.ide.ant,3.4.0.v20100608-0100-e3x,"org.eclipse.mylyn.ide.ant",1301611125702
stopped,bundle,org.eclipse.ant.ui,3.5.0.v20100427,"org.eclipse.ant.ui",1301611125709
stopped,bundle,org.eclipse.ant.launching,1.0.0.v20100427,"org.eclipse.ant.launching",1301611125710
stopped,bundle,org.eclipse.compare.win32,1.0.100.I20100505-1245,"org.eclipse.compare.win32",1301611125711
stopped,bundle,org.eclipse.equinox.p2.ui.sdk,1.0.100.v20100513,"org.eclipse.equinox.p2.ui.sdk",1301611125715
stopped,bundle,org.eclipse.mylyn.java.tasks,3.4.0.v20100608-0100-e3x,"org.eclipse.mylyn.java.tasks",1301611125715
stopped,bundle,org.eclipse.mylyn.java.ui,3.4.0.v20100608-0100-e3x,"org.eclipse.mylyn.java.ui",1301611125716
stopped,bundle,org.eclipse.jdt.junit,3.6.0.v20100526-0800,"org.eclipse.jdt.junit",1301611125716
stopped,bundle,org.eclipse.jdt.apt.ui,3.3.300.v20100513-0845,"org.eclipse.jdt.apt.ui",1301611125717
stopped,bundle,org.eclipse.jdt.debug.ui,3.5.0.v20100602-0830,"org.eclipse.jdt.debug.ui",1301611125718
stopped,bundle,org.eclipse.jdt.ui,3.6.0.v20100602-1600,"org.eclipse.jdt.ui",1301611125764
stopped,bundle,org.eclipse.wst.dtd.ui,1.0.500.v201004290328,"org.eclipse.wst.dtd.ui",1301611125765
stopped,bundle,org.eclipse.wst.xsd.ui,1.2.303.v201004290328,"org.eclipse.wst.xsd.ui",1301611125768
stopped,bundle,org.eclipse.wst.xml.ui,1.1.100.v201006030742,"org.eclipse.wst.xml.ui",1301611125771
stopped,bundle,org.eclipse.wst.common.ui,1.1.500.v200911190730,"org.eclipse.wst.common.ui",1301611125774
stopped,bundle,org.eclipse.wst.sse.ui,1.2.0.v201006030742,"org.eclipse.wst.sse.ui",1301611125776
stopped,bundle,org.eclipse.search,3.6.0.v20100520-0800,"org.eclipse.search",1301611125784
stopped,bundle,org.eclipse.mylyn.team.ui,3.4.0.v20100608-0100-e3x,"org.eclipse.mylyn.team.ui",1301611125785
stopped,bundle,org.eclipse.ui.navigator.resources,3.4.200.I20100601-0800,"org.eclipse.ui.navigator.resources",1301611125786
stopped,bundle,org.eclipse.ltk.ui.refactoring,3.5.0.v20100526-0800,"org.eclipse.ltk.ui.refactoring",1301611125786
stopped,bundle,org.eclipse.mylyn.bugzilla.ui,3.4.0.v20100608-0100-e3x,"org.eclipse.mylyn.bugzilla.ui",1301611125787
stopped,bundle,org.eclipse.mylyn.ide.ui,3.4.0.v20100608-0100-e3x,"org.eclipse.mylyn.ide.ui",1301611125787
stopped,bundle,org.eclipse.mylyn.resources.ui,3.4.0.v20100608-0100-e3x,"org.eclipse.mylyn.resources.ui",1301611125788
stopped,bundle,org.eclipse.mylyn.wikitext.tasks.ui,1.3.0.v20100608-0100-e3x,"org.eclipse.mylyn.wikitext.tasks.ui",1301611125789
stopped,bundle,org.eclipse.mylyn.context.ui,3.4.0.v20100608-0100-e3x,"org.eclipse.mylyn.context.ui",1301611125791
stopped,bundle,org.eclipse.mylyn.help.ui,3.4.0.v20100608-0100-e3x,"org.eclipse.mylyn.help.ui",1301611125792
stopped,bundle,org.eclipse.mylyn.tasks.bugs,3.4.0.v20100608-0100-e3x,"org.eclipse.mylyn.tasks.bugs",1301611125797
stopped,bundle,org.eclipse.mylyn.tasks.ui,3.4.0.v20100608-0100-e3x,"org.eclipse.mylyn.tasks.ui",1301611125798
stopped,bundle,org.eclipse.team.cvs.ui,3.3.300.I20100526-0800,"org.eclipse.team.cvs.ui",1301611125798
stopped,bundle,org.eclipse.team.ui,3.5.100.I20100527-0800,"org.eclipse.team.ui",1301611125798
stopped,bundle,org.eclipse.compare,3.5.100.I20100526-0800,"org.eclipse.compare",1301611125799
stopped,bundle,org.eclipse.ui.externaltools,3.2.0.v20100427,"org.eclipse.ui.externaltools",1301611125820
stopped,bundle,org.eclipse.debug.ui,3.6.0.v20100601-1530,"org.eclipse.debug.ui",1301611125936
activated,perspective,org.eclipse.jdt.ui,,"org.eclipse.jdt.ui.JavaPerspective",1301611337684
started,bundle,org.eclipse.osgi,3.6.0.v20100517,"org.eclipse.osgi",1301611337685
started,bundle,org.eclipse.equinox.simpleconfigurator,1.0.200.v20100503,"org.eclipse.equinox.simpleconfigurator",1301611337686
started,bundle,com.ibm.icu,4.2.1.v20100412,"com.ibm.icu",1301611337687
started,bundle,org.eclipse.compare.core,3.5.100.I20100526-0800,"org.eclipse.compare.core",1301611337687
started,bundle,org.eclipse.core.contenttype,3.4.100.v20100505-1235,"org.eclipse.core.contenttype",1301611337688
started,bundle,org.eclipse.core.databinding.observable,1.3.0.I20100601-0800,"org.eclipse.core.databinding.observable",1301611337689
started,bundle,org.eclipse.core.expressions,3.4.200.v20100505,"org.eclipse.core.expressions",1301611337689
started,bundle,org.eclipse.core.filebuffers,3.5.100.v20100520-0800,"org.eclipse.core.filebuffers",1301611337690
started,bundle,org.eclipse.core.filesystem,1.3.0.v20100526-0737,"org.eclipse.core.filesystem",1301611337691
started,bundle,org.eclipse.core.jobs,3.5.0.v20100515,"org.eclipse.core.jobs",1301611337692
started,bundle,org.eclipse.core.net,1.2.100.I20100511-0800,"org.eclipse.core.net",1301611337692
started,bundle,org.eclipse.core.resources,3.6.0.v20100526-0737,"org.eclipse.core.resources",1301611337693
started,bundle,org.eclipse.core.runtime,3.6.0.v20100505,"org.eclipse.core.runtime",1301611337693
started,bundle,org.eclipse.core.runtime.compatibility,3.2.100.v20100505,"org.eclipse.core.runtime.compatibility",1301611337694
started,bundle,org.eclipse.core.runtime.compatibility.auth,3.2.200.v20100517,"org.eclipse.core.runtime.compatibility.auth",1301611337695
started,bundle,org.eclipse.core.variables,3.2.400.v20100505,"org.eclipse.core.variables",1301611337697
started,bundle,org.eclipse.debug.core,3.6.0.v20100519,"org.eclipse.debug.core",1301611337698
started,bundle,org.eclipse.epp.usagedata.gathering,1.3.0.R201005261100,"org.eclipse.epp.usagedata.gathering",1301611337699
started,bundle,org.eclipse.epp.usagedata.recording,1.3.0.R201005261100,"org.eclipse.epp.usagedata.recording",1301611337699
started,bundle,org.eclipse.equinox.app,1.3.0.v20100512,"org.eclipse.equinox.app",1301611337700
started,bundle,org.eclipse.equinox.common,3.6.0.v20100503,"org.eclipse.equinox.common",1301611337700
started,bundle,org.eclipse.equinox.ds,1.2.0.v20100507,"org.eclipse.equinox.ds",1301611337701
started,bundle,org.eclipse.equinox.event,1.2.0.v20100503,"org.eclipse.equinox.event",1301611337702
started,bundle,org.eclipse.equinox.p2.core,2.0.0.v20100510,"org.eclipse.equinox.p2.core",1301611337703
started,bundle,org.eclipse.equinox.p2.directorywatcher,1.0.200.v20100601,"org.eclipse.equinox.p2.directorywatcher",1301611337703
started,bundle,org.eclipse.equinox.p2.engine,2.0.0.v20100606,"org.eclipse.equinox.p2.engine",1301611337704
started,bundle,org.eclipse.equinox.p2.metadata,2.0.0.v20100601,"org.eclipse.equinox.p2.metadata",1301611337705
started,bundle,org.eclipse.equinox.p2.metadata.repository,1.1.0.v20100513,"org.eclipse.equinox.p2.metadata.repository",1301611337705
started,bundle,org.eclipse.equinox.p2.operations,2.0.0.v20100510,"org.eclipse.equinox.p2.operations",1301611337706
started,bundle,org.eclipse.equinox.p2.reconciler.dropins,1.1.0.v20100525,"org.eclipse.equinox.p2.reconciler.dropins",1301611337706
started,bundle,org.eclipse.equinox.p2.repository,2.0.0.v20100519,"org.eclipse.equinox.p2.repository",1301611337707
started,bundle,org.eclipse.equinox.p2.ui.sdk.scheduler,1.0.0.v20100507-1815,"org.eclipse.equinox.p2.ui.sdk.scheduler",1301611337708
started,bundle,org.eclipse.equinox.p2.updatechecker,1.1.100.v20100503a,"org.eclipse.equinox.p2.updatechecker",1301611337708
started,bundle,org.eclipse.equinox.preferences,3.3.0.v20100503,"org.eclipse.equinox.preferences",1301611337709
started,bundle,org.eclipse.equinox.registry,3.5.0.v20100503,"org.eclipse.equinox.registry",1301611337710
started,bundle,org.eclipse.equinox.security,1.0.200.v20100503,"org.eclipse.equinox.security",1301611337710
started,bundle,org.eclipse.equinox.util,1.0.200.v20100503,"org.eclipse.equinox.util",1301611337711
started,bundle,org.eclipse.help,3.5.0.v20100524,"org.eclipse.help",1301611337717
started,bundle,org.eclipse.jdt.apt.core,3.3.400.v20100513-0845,"org.eclipse.jdt.apt.core",1301611337718
started,bundle,org.eclipse.jdt.apt.pluggable.core,1.0.300.v20100513-0845,"org.eclipse.jdt.apt.pluggable.core",1301611337718
started,bundle,org.eclipse.jdt.core,3.6.0.v_A58,"org.eclipse.jdt.core",1301611337721
started,bundle,org.eclipse.jdt.core.manipulation,1.3.0.v20100520-0800,"org.eclipse.jdt.core.manipulation",1301611337722
started,bundle,org.eclipse.jdt.launching,3.5.100.v20100526,"org.eclipse.jdt.launching",1301611337725
started,bundle,org.eclipse.jdt.ui,3.6.0.v20100602-1600,"org.eclipse.jdt.ui",1301611337725
started,bundle,org.eclipse.jface,3.6.0.I20100601-0800,"org.eclipse.jface",1301611337725
started,bundle,org.eclipse.jsch.core,1.1.200.I20100505-1245,"org.eclipse.jsch.core",1301611337726
started,bundle,org.eclipse.ltk.core.refactoring,3.5.100.v20100526-0800,"org.eclipse.ltk.core.refactoring",1301611337727
started,bundle,org.eclipse.ltk.ui.refactoring,3.5.0.v20100526-0800,"org.eclipse.ltk.ui.refactoring",1301611337728
started,bundle,org.eclipse.mylyn.bugzilla.core,3.4.0.v20100608-0100-e3x,"org.eclipse.mylyn.bugzilla.core",1301611337729
started,bundle,org.eclipse.mylyn.bugzilla.ui,3.4.0.v20100608-0100-e3x,"org.eclipse.mylyn.bugzilla.ui",1301611337730
started,bundle,org.eclipse.mylyn.commons.net,3.4.0.v20100608-0100-e3x,"org.eclipse.mylyn.commons.net",1301611337730
started,bundle,org.eclipse.mylyn.commons.ui,3.4.0.v20100608-0100-e3x,"org.eclipse.mylyn.commons.ui",1301611337731
started,bundle,org.eclipse.mylyn.context.core,3.4.0.v20100608-0100-e3x,"org.eclipse.mylyn.context.core",1301611337732
started,bundle,org.eclipse.mylyn.context.ui,3.4.0.v20100608-0100-e3x,"org.eclipse.mylyn.context.ui",1301611337733
started,bundle,org.eclipse.mylyn.monitor.ui,3.4.0.v20100608-0100-e3x,"org.eclipse.mylyn.monitor.ui",1301611337733
started,bundle,org.eclipse.mylyn.tasks.ui,3.4.0.v20100608-0100-e3x,"org.eclipse.mylyn.tasks.ui",1301611337735
started,bundle,org.eclipse.mylyn.team.ui,3.4.0.v20100608-0100-e3x,"org.eclipse.mylyn.team.ui",1301611337736
started,bundle,org.eclipse.team.core,3.5.100.I20100527-0800,"org.eclipse.team.core",1301611337747
started,bundle,org.eclipse.team.cvs.core,3.3.300.I20100526-0800,"org.eclipse.team.cvs.core",1301611337747
started,bundle,org.eclipse.team.cvs.ui,3.3.300.I20100526-0800,"org.eclipse.team.cvs.ui",1301611337749
started,bundle,org.eclipse.team.ui,3.5.100.I20100527-0800,"org.eclipse.team.ui",1301611337749
started,bundle,org.eclipse.ui,3.6.0.I20100603-1100,"org.eclipse.ui",1301611337751
started,bundle,org.eclipse.ui.console,3.5.0.v20100526,"org.eclipse.ui.console",1301611337752
started,bundle,org.eclipse.ui.editors,3.6.0.v20100520-0800,"org.eclipse.ui.editors",1301611337752
started,bundle,org.eclipse.ui.forms,3.5.0.v20100427,"org.eclipse.ui.forms",1301611337752
started,bundle,org.eclipse.ui.ide,3.6.0.I20100601-0800,"org.eclipse.ui.ide",1301611337754
started,bundle,org.eclipse.ui.net,1.2.100.I20100505-1245,"org.eclipse.ui.net",1301611337754
started,bundle,org.eclipse.ui.views,3.5.0.I20100527-0800,"org.eclipse.ui.views",1301611337755
started,bundle,org.eclipse.ui.workbench,3.6.0.I20100603-1100,"org.eclipse.ui.workbench",1301611337756
started,bundle,org.eclipse.ui.workbench.texteditor,3.6.0.v20100520-0800,"org.eclipse.ui.workbench.texteditor",1301611337757
started,bundle,org.eclipse.update.configurator,3.3.100.v20100512,"org.eclipse.update.configurator",1301611337758
started,bundle,org.eclipse.update.core,3.2.400.v20100512,"org.eclipse.update.core",1301611337759
started,bundle,org.eclipse.update.scheduler,3.2.300.v20100512,"org.eclipse.update.scheduler",1301611337759
os,sysinfo,,,"win32",1301611337763
arch,sysinfo,,,"x86_64",1301611337763
ws,sysinfo,,,"win32",1301611337763
locale,sysinfo,,,"en_US",1301611337763
processors,sysinfo,,,"2",1301611337763
java.runtime.name,sysinfo,,,"Java(TM) SE Runtime Environment",1301611337763
java.runtime.version,sysinfo,,,"1.6.0_21-b07",1301611337763
java.specification.name,sysinfo,,,"Java Platform API Specification",1301611337763
java.specification.vendor,sysinfo,,,"Sun Microsystems Inc.",1301611337763
java.specification.version,sysinfo,,,"1.6",1301611337763
java.vendor,sysinfo,,,"Sun Microsystems Inc.",1301611337763
java.version,sysinfo,,,"1.6.0_21",1301611337763
java.vm.info,sysinfo,,,"mixed mode",1301611337763
java.vm.name,sysinfo,,,"Java HotSpot(TM) 64-Bit Server VM",1301611337763
java.vm.specification.name,sysinfo,,,"Java Virtual Machine Specification",1301611337763
java.vm.specification.vendor,sysinfo,,,"Sun Microsystems Inc.",1301611337763
java.vm.specification.version,sysinfo,,,"1.0",1301611337763
java.vm.vendor,sysinfo,,,"Sun Microsystems Inc.",1301611337763
java.vm.version,sysinfo,,,"17.0-b17",1301611337763
opened,view,org.eclipse.jdt.ui,3.6.0.v20100602-1600,"org.eclipse.jdt.ui.PackageExplorer",1301611340606
opened,view,org.eclipse.ui.ide,3.6.0.I20100601-0800,"org.eclipse.ui.views.ProblemView",1301611340729
started,bundle,org.eclipse.search,3.6.0.v20100520-0800,"org.eclipse.search",1301611340870
opened,view,org.eclipse.mylyn.tasks.ui,3.4.0.v20100608-0100-e3x,"org.eclipse.mylyn.tasks.ui.views.tasks",1301611341045
opened,view,org.eclipse.ui.views,3.5.0.I20100527-0800,"org.eclipse.ui.views.ContentOutline",1301611341496
opened,editor,org.eclipse.jdt.ui,3.6.0.v20100602-1600,"org.eclipse.jdt.ui.CompilationUnitEditor",1301611540123
activated,editor,org.eclipse.jdt.ui,3.6.0.v20100602-1600,"org.eclipse.jdt.ui.CompilationUnitEditor",1301611540241
started,bundle,org.eclipse.debug.ui,3.6.0.v20100601-1530,"org.eclipse.debug.ui",1301611541128
started,bundle,org.eclipse.jdt.debug,3.6.0.v20100526,"org.eclipse.jdt.debug",1301611541269
started,bundle,org.eclipse.jdt.debug.ui,3.5.0.v20100602-0830,"org.eclipse.jdt.debug.ui",1301611541341
activated,view,org.eclipse.ui.console,3.5.0.v20100526,"org.eclipse.ui.console.ConsoleView",1301611541940
activated,editor,org.eclipse.jdt.ui,3.6.0.v20100602-1600,"org.eclipse.jdt.ui.CompilationUnitEditor",1301611565319
activated,editor,org.eclipse.jdt.ui,3.6.0.v20100602-1600,"org.eclipse.jdt.ui.CompilationUnitEditor",1301611572437
deactivated,workbench,org.eclipse.ui.workbench,3.6.0.I20100603-1100,"",1301611816553
activated,workbench,org.eclipse.ui.workbench,3.6.0.I20100603-1100,"",1301611896386
deactivated,workbench,org.eclipse.ui.workbench,3.6.0.I20100603-1100,"",1301612981741
activated,workbench,org.eclipse.ui.workbench,3.6.0.I20100603-1100,"",1301613248525
deactivated,workbench,org.eclipse.ui.workbench,3.6.0.I20100603-1100,"",1301613289846
activated,workbench,org.eclipse.ui.workbench,3.6.0.I20100603-1100,"",1301621406199
deactivated,workbench,org.eclipse.ui.workbench,3.6.0.I20100603-1100,"",1301621421367
activated,workbench,org.eclipse.ui.workbench,3.6.0.I20100603-1100,"",1301621423348
deactivated,workbench,org.eclipse.ui.workbench,3.6.0.I20100603-1100,"",1301621423769
activated,workbench,org.eclipse.ui.workbench,3.6.0.I20100603-1100,"",1301622104139
deactivated,workbench,org.eclipse.ui.workbench,3.6.0.I20100603-1100,"",1301622108303
activated,workbench,org.eclipse.ui.workbench,3.6.0.I20100603-1100,"",1301622242868
executed,command,org.eclipse.ui,3.6.0.I20100603-1100,"org.eclipse.ui.file.export",1301622242890
deactivated,workbench,org.eclipse.ui.workbench,3.6.0.I20100603-1100,"",1301622245110
activated,workbench,org.eclipse.ui.workbench,3.6.0.I20100603-1100,"",1301622247003
closed,workbench,org.eclipse.ui.workbench,3.6.0.I20100603-1100,"",1301622247297
stopped,bundle,org.eclipse.mylyn.ide.ant,3.4.0.v20100608-0100-e3x,"org.eclipse.mylyn.ide.ant",1301622247746
stopped,bundle,org.eclipse.ant.ui,3.5.0.v20100427,"org.eclipse.ant.ui",1301622247747
stopped,bundle,org.eclipse.ant.launching,1.0.0.v20100427,"org.eclipse.ant.launching",1301622247748
stopped,bundle,org.eclipse.compare.win32,1.0.100.I20100505-1245,"org.eclipse.compare.win32",1301622247748
stopped,bundle,org.eclipse.equinox.p2.ui.sdk,1.0.100.v20100513,"org.eclipse.equinox.p2.ui.sdk",1301622247758
stopped,bundle,org.eclipse.mylyn.java.tasks,3.4.0.v20100608-0100-e3x,"org.eclipse.mylyn.java.tasks",1301622247759
stopped,bundle,org.eclipse.mylyn.java.ui,3.4.0.v20100608-0100-e3x,"org.eclipse.mylyn.java.ui",1301622247760
stopped,bundle,org.eclipse.jdt.junit,3.6.0.v20100526-0800,"org.eclipse.jdt.junit",1301622247762
stopped,bundle,org.eclipse.jdt.apt.ui,3.3.300.v20100513-0845,"org.eclipse.jdt.apt.ui",1301622247763
stopped,bundle,org.eclipse.jdt.debug.ui,3.5.0.v20100602-0830,"org.eclipse.jdt.debug.ui",1301622247763
stopped,bundle,org.eclipse.jdt.ui,3.6.0.v20100602-1600,"org.eclipse.jdt.ui",1301622247797
stopped,bundle,org.eclipse.wst.dtd.ui,1.0.500.v201004290328,"org.eclipse.wst.dtd.ui",1301622247798
stopped,bundle,org.eclipse.wst.xsd.ui,1.2.303.v201004290328,"org.eclipse.wst.xsd.ui",1301622247800
stopped,bundle,org.eclipse.wst.xml.ui,1.1.100.v201006030742,"org.eclipse.wst.xml.ui",1301622247821
stopped,bundle,org.eclipse.wst.common.ui,1.1.500.v200911190730,"org.eclipse.wst.common.ui",1301622247822
stopped,bundle,org.eclipse.wst.sse.ui,1.2.0.v201006030742,"org.eclipse.wst.sse.ui",1301622247823
stopped,bundle,org.eclipse.search,3.6.0.v20100520-0800,"org.eclipse.search",1301622247823
stopped,bundle,org.eclipse.mylyn.team.ui,3.4.0.v20100608-0100-e3x,"org.eclipse.mylyn.team.ui",1301622247823
stopped,bundle,org.eclipse.ui.navigator.resources,3.4.200.I20100601-0800,"org.eclipse.ui.navigator.resources",1301622247824
stopped,bundle,org.eclipse.ltk.ui.refactoring,3.5.0.v20100526-0800,"org.eclipse.ltk.ui.refactoring",1301622247824
stopped,bundle,org.eclipse.mylyn.bugzilla.ui,3.4.0.v20100608-0100-e3x,"org.eclipse.mylyn.bugzilla.ui",1301622247824
stopped,bundle,org.eclipse.mylyn.ide.ui,3.4.0.v20100608-0100-e3x,"org.eclipse.mylyn.ide.ui",1301622247825
stopped,bundle,org.eclipse.mylyn.resources.ui,3.4.0.v20100608-0100-e3x,"org.eclipse.mylyn.resources.ui",1301622247826
stopped,bundle,org.eclipse.mylyn.wikitext.tasks.ui,1.3.0.v20100608-0100-e3x,"org.eclipse.mylyn.wikitext.tasks.ui",1301622247827
stopped,bundle,org.eclipse.mylyn.context.ui,3.4.0.v20100608-0100-e3x,"org.eclipse.mylyn.context.ui",1301622247827
stopped,bundle,org.eclipse.mylyn.help.ui,3.4.0.v20100608-0100-e3x,"org.eclipse.mylyn.help.ui",1301622247827
stopped,bundle,org.eclipse.mylyn.tasks.bugs,3.4.0.v20100608-0100-e3x,"org.eclipse.mylyn.tasks.bugs",1301622247828
stopped,bundle,org.eclipse.mylyn.tasks.ui,3.4.0.v20100608-0100-e3x,"org.eclipse.mylyn.tasks.ui",1301622247828
